ch	bin	state
chrX	0	neutral
chrX	1	neutral
chrX	2	neutral
chrX	3	neutral
chrX	4	neutral
chrX	5	neutral
chrX	6	neutral
chrX	7	neutral
chrX	8	neutral
chrX	9	neutral
chrX	10	neutral
chrX	11	neutral
chrX	12	neutral
chrX	13	neutral
chrX	14	neutral
chrX	15	neutral
chrX	16	neutral
chrX	17	neutral
chrX	18	neutral
chrX	19	neutral
chrX	20	inactive
chrX	21	neutral
chrX	22	neutral
chrX	23	neutral
chrX	24	inactive
chrX	25	active
chrX	26	neutral
chrX	27	neutral
chrX	28	neutral
chrX	29	neutral
chrX	30	neutral
chrX	31	neutral
chrX	32	neutral
chrX	33	neutral
chrX	34	neutral
chrX	35	neutral
chrX	36	neutral
chrX	37	active
chrX	38	neutral
chrX	39	neutral
chrX	40	neutral
chrX	41	neutral
chrX	42	polycomb
chrX	43	polycomb
chrX	44	polycomb
chrX	45	polycomb
chrX	46	polycomb
chrX	47	polycomb
chrX	48	polycomb
chrX	49	polycomb
chrX	50	neutral
chrX	51	active
chrX	52	active
chrX	53	neutral
chrX	54	active
chrX	55	neutral
chrX	56	neutral
chrX	57	inactive
chrX	58	neutral
chrX	59	neutral
chrX	60	neutral
chrX	61	neutral
chrX	62	neutral
chrX	63	neutral
chrX	64	neutral
chrX	65	active
chrX	66	neutral
chrX	67	neutral
chrX	68	neutral
chrX	69	neutral
chrX	70	neutral
chrX	71	neutral
chrX	72	neutral
chrX	73	neutral
chrX	74	neutral
chrX	75	neutral
chrX	76	neutral
chrX	77	neutral
chrX	78	neutral
chrX	79	neutral
chrX	80	neutral
chrX	81	neutral
chrX	82	neutral
chrX	83	neutral
chrX	84	neutral
chrX	85	neutral
chrX	86	neutral
chrX	87	neutral
chrX	88	neutral
chrX	89	inactive
chrX	90	neutral
chrX	91	neutral
chrX	92	active
chrX	93	active
chrX	94	neutral
chrX	95	neutral
chrX	96	neutral
chrX	97	neutral
chrX	98	neutral
chrX	99	neutral
chrX	100	neutral
chrX	101	neutral
chrX	102	neutral
chrX	103	neutral
chrX	104	neutral
chrX	105	inactive
chrX	106	inactive
chrX	107	inactive
chrX	108	inactive
chrX	109	neutral
chrX	110	neutral
chrX	111	neutral
chrX	112	neutral
chrX	113	neutral
chrX	114	neutral
chrX	115	neutral
chrX	116	neutral
chrX	117	neutral
chrX	118	neutral
chrX	119	neutral
chrX	120	neutral
chrX	121	neutral
chrX	122	neutral
chrX	123	neutral
chrX	124	neutral
chrX	125	neutral
chrX	126	neutral
chrX	127	neutral
chrX	128	neutral
chrX	129	neutral
chrX	130	neutral
chrX	131	neutral
chrX	132	neutral
chrX	133	neutral
chrX	134	neutral
chrX	135	active
chrX	136	neutral
chrX	137	active
chrX	138	neutral
chrX	139	neutral
chrX	140	neutral
chrX	141	neutral
chrX	142	neutral
chrX	143	neutral
chrX	144	polycomb
chrX	145	polycomb
chrX	146	neutral
chrX	147	inactive
chrX	148	neutral
chrX	149	neutral
chrX	150	neutral
chrX	151	neutral
chrX	152	neutral
chrX	153	neutral
chrX	154	neutral
chrX	155	neutral
chrX	156	neutral
chrX	157	neutral
chrX	158	neutral
chrX	159	neutral
chrX	160	neutral
chrX	161	neutral
chrX	162	neutral
chrX	163	neutral
chrX	164	neutral
chrX	165	neutral
chrX	166	neutral
chrX	167	neutral
chrX	168	neutral
chrX	169	neutral
chrX	170	neutral
chrX	171	neutral
chrX	172	neutral
chrX	173	neutral
chrX	174	neutral
chrX	175	active
chrX	176	active
chrX	177	active
chrX	178	neutral
chrX	179	neutral
chrX	180	neutral
chrX	181	neutral
chrX	182	neutral
chrX	183	neutral
chrX	184	neutral
chrX	185	neutral
chrX	186	neutral
chrX	187	inactive
chrX	188	neutral
chrX	189	neutral
chrX	190	neutral
chrX	191	neutral
chrX	192	neutral
chrX	193	neutral
chrX	194	neutral
chrX	195	neutral
chrX	196	neutral
chrX	197	neutral
chrX	198	neutral
chrX	199	neutral
chrX	200	neutral
chrX	201	neutral
chrX	202	neutral
chrX	203	polycomb
chrX	204	neutral
chrX	205	neutral
chrX	206	neutral
chrX	207	active
chrX	208	neutral
chrX	209	neutral
chrX	210	neutral
chrX	211	neutral
chrX	212	neutral
chrX	213	neutral
chrX	214	neutral
chrX	215	neutral
chrX	216	neutral
chrX	217	neutral
chrX	218	neutral
chrX	219	neutral
chrX	220	neutral
chrX	221	neutral
chrX	222	neutral
chrX	223	neutral
chrX	224	neutral
chrX	225	neutral
chrX	226	neutral
chrX	227	neutral
chrX	228	neutral
chrX	229	neutral
chrX	230	neutral
chrX	231	neutral
chrX	232	neutral
chrX	233	neutral
chrX	234	neutral
chrX	235	neutral
chrX	236	neutral
chrX	237	neutral
chrX	238	neutral
chrX	239	neutral
chrX	240	neutral
chrX	241	neutral
chrX	242	neutral
chrX	243	neutral
chrX	244	neutral
chrX	245	neutral
chrX	246	neutral
chrX	247	neutral
chrX	248	neutral
chrX	249	neutral
chrX	250	active
chrX	251	active
chrX	252	neutral
chrX	253	neutral
chrX	254	neutral
chrX	255	neutral
chrX	256	neutral
chrX	257	neutral
chrX	258	neutral
chrX	259	active
chrX	260	neutral
chrX	261	neutral
chrX	262	active
chrX	263	neutral
chrX	264	neutral
chrX	265	inactive
chrX	266	inactive
chrX	267	inactive
chrX	268	inactive
chrX	269	inactive
chrX	270	inactive
chrX	271	inactive
chrX	272	neutral
chrX	273	inactive
chrX	274	inactive
chrX	275	inactive
chrX	276	inactive
chrX	277	inactive
chrX	278	inactive
chrX	279	neutral
chrX	280	inactive
chrX	281	inactive
chrX	282	inactive
chrX	283	inactive
chrX	284	neutral
chrX	285	neutral
chrX	286	neutral
chrX	287	neutral
chrX	288	neutral
chrX	289	neutral
chrX	290	neutral
chrX	291	neutral
chrX	292	neutral
chrX	293	neutral
chrX	294	neutral
chrX	295	neutral
chrX	296	neutral
chrX	297	neutral
chrX	298	neutral
chrX	299	neutral
chrX	300	neutral
chrX	301	neutral
chrX	302	neutral
chrX	303	neutral
chrX	304	neutral
chrX	305	neutral
chrX	306	neutral
chrX	307	neutral
chrX	308	neutral
chrX	309	inactive
chrX	310	neutral
chrX	311	neutral
chrX	312	neutral
chrX	313	neutral
chrX	314	neutral
chrX	315	neutral
chrX	316	neutral
chrX	317	neutral
chrX	318	neutral
chrX	319	neutral
chrX	320	neutral
chrX	321	neutral
chrX	322	neutral
chrX	323	neutral
chrX	324	neutral
chrX	325	neutral
chrX	326	neutral
chrX	327	neutral
chrX	328	neutral
chrX	329	neutral
chrX	330	neutral
chrX	331	neutral
chrX	332	neutral
chrX	333	neutral
chrX	334	neutral
chrX	335	neutral
chrX	336	neutral
chrX	337	neutral
chrX	338	neutral
chrX	339	neutral
chrX	340	neutral
chrX	341	neutral
chrX	342	neutral
chrX	343	neutral
chrX	344	neutral
chrX	345	neutral
chrX	346	neutral
chrX	347	neutral
chrX	348	neutral
chrX	349	neutral
chrX	350	neutral
chrX	351	neutral
chrX	352	inactive
chrX	353	neutral
chrX	354	neutral
chrX	355	neutral
chrX	356	neutral
chrX	357	neutral
chrX	358	neutral
chrX	359	neutral
chrX	360	neutral
chrX	361	neutral
chrX	362	neutral
chrX	363	neutral
chrX	364	neutral
chrX	365	neutral
chrX	366	neutral
chrX	367	neutral
chrX	368	neutral
chrX	369	neutral
chrX	370	neutral
chrX	371	neutral
chrX	372	neutral
chrX	373	neutral
chrX	374	neutral
chrX	375	neutral
chrX	376	neutral
chrX	377	neutral
chrX	378	neutral
chrX	379	neutral
chrX	380	neutral
chrX	381	neutral
chrX	382	neutral
chrX	383	neutral
chrX	384	neutral
chrX	385	neutral
chrX	386	neutral
chrX	387	neutral
chrX	388	neutral
chrX	389	neutral
chrX	390	neutral
chrX	391	neutral
chrX	392	neutral
chrX	393	neutral
chrX	394	neutral
chrX	395	neutral
chrX	396	neutral
chrX	397	neutral
chrX	398	neutral
chrX	399	neutral
chrX	400	active
chrX	401	neutral
chrX	402	neutral
chrX	403	neutral
chrX	404	neutral
chrX	405	neutral
chrX	406	neutral
chrX	407	neutral
chrX	408	neutral
chrX	409	neutral
chrX	410	neutral
chrX	411	neutral
chrX	412	neutral
chrX	413	neutral
chrX	414	neutral
chrX	415	inactive
chrX	416	neutral
chrX	417	neutral
chrX	418	neutral
chrX	419	neutral
chrX	420	neutral
chrX	421	neutral
chrX	422	neutral
chrX	423	neutral
chrX	424	neutral
chrX	425	neutral
chrX	426	neutral
chrX	427	neutral
chrX	428	neutral
chrX	429	polycomb
chrX	430	polycomb
chrX	431	polycomb
chrX	432	polycomb
chrX	433	polycomb
chrX	434	polycomb
chrX	435	polycomb
chrX	436	polycomb
chrX	437	polycomb
chrX	438	polycomb
chrX	439	polycomb
chrX	440	polycomb
chrX	441	polycomb
chrX	442	neutral
chrX	443	neutral
chrX	444	active
chrX	445	polycomb
chrX	446	polycomb
chrX	447	polycomb
chrX	448	polycomb
chrX	449	polycomb
chrX	450	polycomb
chrX	451	polycomb
chrX	452	neutral
chrX	453	neutral
chrX	454	neutral
chrX	455	neutral
chrX	456	neutral
chrX	457	neutral
chrX	458	neutral
chrX	459	neutral
chrX	460	neutral
chrX	461	neutral
chrX	462	neutral
chrX	463	neutral
chrX	464	neutral
chrX	465	neutral
chrX	466	neutral
chrX	467	neutral
chrX	468	neutral
chrX	469	neutral
chrX	470	neutral
chrX	471	neutral
chrX	472	neutral
chrX	473	neutral
chrX	474	neutral
chrX	475	neutral
chrX	476	neutral
chrX	477	neutral
chrX	478	neutral
chrX	479	neutral
chrX	480	neutral
chrX	481	active
chrX	482	active
chrX	483	neutral
chrX	484	neutral
chrX	485	neutral
chrX	486	neutral
chrX	487	neutral
chrX	488	neutral
chrX	489	neutral
chrX	490	neutral
chrX	491	neutral
chrX	492	neutral
chrX	493	neutral
chrX	494	neutral
chrX	495	neutral
chrX	496	neutral
chrX	497	neutral
chrX	498	neutral
chrX	499	neutral
chrX	500	neutral
chrX	501	neutral
chrX	502	neutral
chrX	503	neutral
chrX	504	neutral
chrX	505	neutral
chrX	506	neutral
chrX	507	neutral
chrX	508	neutral
chrX	509	neutral
chrX	510	neutral
chrX	511	neutral
chrX	512	neutral
chrX	513	neutral
chrX	514	neutral
chrX	515	neutral
chrX	516	neutral
chrX	517	neutral
chrX	518	neutral
chrX	519	neutral
chrX	520	neutral
chrX	521	neutral
chrX	522	neutral
chrX	523	neutral
chrX	524	neutral
chrX	525	neutral
chrX	526	neutral
chrX	527	neutral
chrX	528	neutral
chrX	529	neutral
chrX	530	neutral
chrX	531	neutral
chrX	532	active
chrX	533	neutral
chrX	534	neutral
chrX	535	inactive
chrX	536	inactive
chrX	537	neutral
chrX	538	neutral
chrX	539	inactive
chrX	540	inactive
chrX	541	neutral
chrX	542	polycomb
chrX	543	polycomb
chrX	544	polycomb
chrX	545	polycomb
chrX	546	polycomb
chrX	547	polycomb
chrX	548	polycomb
chrX	549	polycomb
chrX	550	polycomb
chrX	551	active
chrX	552	neutral
chrX	553	neutral
chrX	554	neutral
chrX	555	neutral
chrX	556	active
chrX	557	neutral
chrX	558	neutral
chrX	559	neutral
chrX	560	neutral
chrX	561	neutral
chrX	562	neutral
chrX	563	neutral
chrX	564	active
chrX	565	neutral
chrX	566	neutral
chrX	567	neutral
chrX	568	neutral
chrX	569	neutral
chrX	570	neutral
chrX	571	neutral
chrX	572	neutral
chrX	573	neutral
chrX	574	neutral
chrX	575	neutral
chrX	576	neutral
chrX	577	neutral
chrX	578	neutral
chrX	579	neutral
chrX	580	neutral
chrX	581	neutral
chrX	582	neutral
chrX	583	neutral
chrX	584	neutral
chrX	585	neutral
chrX	586	neutral
chrX	587	neutral
chrX	588	neutral
chrX	589	polycomb
chrX	590	polycomb
chrX	591	polycomb
chrX	592	polycomb
chrX	593	neutral
chrX	594	neutral
chrX	595	neutral
chrX	596	neutral
chrX	597	neutral
chrX	598	neutral
chrX	599	neutral
chrX	600	neutral
chrX	601	neutral
chrX	602	neutral
chrX	603	neutral
chrX	604	neutral
chrX	605	neutral
chrX	606	neutral
chrX	607	neutral
chrX	608	neutral
chrX	609	neutral
chrX	610	neutral
chrX	611	neutral
chrX	612	neutral
chrX	613	neutral
chrX	614	neutral
chrX	615	neutral
chrX	616	neutral
chrX	617	neutral
chrX	618	active
chrX	619	neutral
chrX	620	neutral
chrX	621	neutral
chrX	622	neutral
chrX	623	neutral
chrX	624	active
chrX	625	neutral
chrX	626	neutral
chrX	627	neutral
chrX	628	neutral
chrX	629	neutral
chrX	630	neutral
chrX	631	neutral
chrX	632	neutral
chrX	633	neutral
chrX	634	neutral
chrX	635	neutral
chrX	636	neutral
chrX	637	neutral
chrX	638	neutral
chrX	639	neutral
chrX	640	neutral
chrX	641	neutral
chrX	642	active
chrX	643	neutral
chrX	644	neutral
chrX	645	neutral
chrX	646	neutral
chrX	647	neutral
chrX	648	neutral
chrX	649	neutral
chrX	650	neutral
chrX	651	neutral
chrX	652	neutral
chrX	653	neutral
chrX	654	neutral
chrX	655	neutral
chrX	656	neutral
chrX	657	active
chrX	658	neutral
chrX	659	neutral
chrX	660	neutral
chrX	661	neutral
chrX	662	neutral
chrX	663	neutral
chrX	664	neutral
chrX	665	neutral
chrX	666	neutral
chrX	667	neutral
chrX	668	neutral
chrX	669	neutral
chrX	670	neutral
chrX	671	neutral
chrX	672	neutral
chrX	673	neutral
chrX	674	neutral
chrX	675	neutral
chrX	676	neutral
chrX	677	neutral
chrX	678	neutral
chrX	679	neutral
chrX	680	neutral
chrX	681	neutral
chrX	682	neutral
chrX	683	neutral
chrX	684	neutral
chrX	685	neutral
chrX	686	neutral
chrX	687	neutral
chrX	688	neutral
chrX	689	neutral
chrX	690	neutral
chrX	691	neutral
chrX	692	neutral
chrX	693	neutral
chrX	694	neutral
chrX	695	inactive
chrX	696	neutral
chrX	697	neutral
chrX	698	neutral
chrX	699	active
chrX	700	neutral
chrX	701	neutral
chrX	702	neutral
chrX	703	neutral
chrX	704	neutral
chrX	705	inactive
chrX	706	inactive
chrX	707	polycomb
chrX	708	polycomb
chrX	709	polycomb
chrX	710	polycomb
chrX	711	polycomb
chrX	712	polycomb
chrX	713	inactive
chrX	714	neutral
chrX	715	neutral
chrX	716	neutral
chrX	717	neutral
chrX	718	neutral
chrX	719	neutral
chrX	720	neutral
chrX	721	neutral
chrX	722	neutral
chrX	723	neutral
chrX	724	inactive
chrX	725	inactive
chrX	726	inactive
chrX	727	inactive
chrX	728	inactive
chrX	729	inactive
chrX	730	neutral
chrX	731	inactive
chrX	732	inactive
chrX	733	inactive
chrX	734	inactive
chrX	735	inactive
chrX	736	inactive
chrX	737	inactive
chrX	738	neutral
chrX	739	neutral
chrX	740	neutral
chrX	741	neutral
chrX	742	neutral
chrX	743	neutral
chrX	744	neutral
chrX	745	neutral
chrX	746	neutral
chrX	747	neutral
chrX	748	neutral
chrX	749	neutral
chrX	750	neutral
chrX	751	neutral
chrX	752	neutral
chrX	753	neutral
chrX	754	neutral
chrX	755	neutral
chrX	756	neutral
chrX	757	neutral
chrX	758	neutral
chrX	759	neutral
chrX	760	neutral
chrX	761	neutral
chrX	762	neutral
chrX	763	neutral
chrX	764	neutral
chrX	765	neutral
chrX	766	neutral
chrX	767	neutral
chrX	768	neutral
chrX	769	neutral
chrX	770	neutral
chrX	771	neutral
chrX	772	neutral
chrX	773	neutral
chrX	774	neutral
chrX	775	neutral
chrX	776	neutral
chrX	777	neutral
chrX	778	active
chrX	779	neutral
chrX	780	neutral
chrX	781	neutral
chrX	782	active
chrX	783	neutral
chrX	784	neutral
chrX	785	neutral
chrX	786	neutral
chrX	787	neutral
chrX	788	neutral
chrX	789	neutral
chrX	790	neutral
chrX	791	neutral
chrX	792	neutral
chrX	793	neutral
chrX	794	neutral
chrX	795	active
chrX	796	neutral
chrX	797	neutral
chrX	798	neutral
chrX	799	neutral
chrX	800	neutral
chrX	801	neutral
chrX	802	neutral
chrX	803	active
chrX	804	neutral
chrX	805	neutral
chrX	806	neutral
chrX	807	neutral
chrX	808	neutral
chrX	809	neutral
chrX	810	neutral
chrX	811	neutral
chrX	812	neutral
chrX	813	active
chrX	814	neutral
chrX	815	neutral
chrX	816	neutral
chrX	817	neutral
chrX	818	neutral
chrX	819	neutral
chrX	820	neutral
chrX	821	neutral
chrX	822	neutral
chrX	823	neutral
chrX	824	neutral
chrX	825	neutral
chrX	826	neutral
chrX	827	neutral
chrX	828	neutral
chrX	829	neutral
chrX	830	active
chrX	831	neutral
chrX	832	neutral
chrX	833	neutral
chrX	834	inactive
chrX	835	neutral
chrX	836	neutral
chrX	837	inactive
chrX	838	inactive
chrX	839	neutral
chrX	840	neutral
chrX	841	neutral
chrX	842	neutral
chrX	843	neutral
chrX	844	neutral
chrX	845	neutral
chrX	846	neutral
chrX	847	neutral
chrX	848	active
chrX	849	neutral
chrX	850	polycomb
chrX	851	polycomb
chrX	852	polycomb
chrX	853	polycomb
chrX	854	polycomb
chrX	855	polycomb
chrX	856	polycomb
chrX	857	neutral
chrX	858	neutral
chrX	859	neutral
chrX	860	neutral
chrX	861	neutral
chrX	862	neutral
chrX	863	neutral
chrX	864	neutral
chrX	865	neutral
chrX	866	neutral
chrX	867	neutral
chrX	868	neutral
chrX	869	neutral
chrX	870	neutral
chrX	871	neutral
chrX	872	neutral
chrX	873	neutral
chrX	874	inactive
chrX	875	inactive
chrX	876	neutral
chrX	877	neutral
chrX	878	neutral
chrX	879	active
chrX	880	neutral
chrX	881	neutral
chrX	882	neutral
chrX	883	neutral
chrX	884	neutral
chrX	885	neutral
chrX	886	neutral
chrX	887	neutral
chrX	888	neutral
chrX	889	neutral
chrX	890	neutral
chrX	891	neutral
chrX	892	neutral
chrX	893	neutral
chrX	894	neutral
chrX	895	neutral
chrX	896	neutral
chrX	897	neutral
chrX	898	active
chrX	899	neutral
chrX	900	neutral
chrX	901	neutral
chrX	902	neutral
chrX	903	neutral
chrX	904	active
chrX	905	active
chrX	906	neutral
chrX	907	neutral
chrX	908	neutral
chrX	909	neutral
chrX	910	neutral
chrX	911	neutral
chrX	912	neutral
chrX	913	neutral
chrX	914	active
chrX	915	neutral
chrX	916	neutral
chrX	917	neutral
chrX	918	polycomb
chrX	919	polycomb
chrX	920	polycomb
chrX	921	neutral
chrX	922	neutral
chrX	923	neutral
chrX	924	neutral
chrX	925	neutral
chrX	926	neutral
chrX	927	neutral
chrX	928	neutral
chrX	929	neutral
chrX	930	neutral
chrX	931	neutral
chrX	932	neutral
chrX	933	neutral
chrX	934	neutral
chrX	935	neutral
chrX	936	neutral
chrX	937	neutral
chrX	938	neutral
chrX	939	neutral
chrX	940	neutral
chrX	941	neutral
chrX	942	neutral
chrX	943	neutral
chrX	944	neutral
chrX	945	neutral
chrX	946	neutral
chrX	947	neutral
chrX	948	neutral
chrX	949	neutral
chrX	950	neutral
chrX	951	neutral
chrX	952	neutral
chrX	953	neutral
chrX	954	neutral
chrX	955	neutral
chrX	956	neutral
chrX	957	neutral
chrX	958	polycomb
chrX	959	polycomb
chrX	960	polycomb
chrX	961	polycomb
chrX	962	polycomb
chrX	963	polycomb
chrX	964	polycomb
chrX	965	polycomb
chrX	966	polycomb
chrX	967	neutral
chrX	968	neutral
chrX	969	neutral
chrX	970	neutral
chrX	971	neutral
chrX	972	neutral
chrX	973	neutral
chrX	974	neutral
chrX	975	neutral
chrX	976	neutral
chrX	977	neutral
chrX	978	neutral
chrX	979	neutral
chrX	980	neutral
chrX	981	neutral
chrX	982	neutral
chrX	983	neutral
chrX	984	neutral
chrX	985	neutral
chrX	986	neutral
chrX	987	neutral
chrX	988	neutral
chrX	989	neutral
chrX	990	neutral
chrX	991	neutral
chrX	992	neutral
chrX	993	neutral
chrX	994	neutral
chrX	995	neutral
chrX	996	neutral
chrX	997	neutral
chrX	998	neutral
chrX	999	neutral
chrX	1000	neutral
chrX	1001	neutral
chrX	1002	neutral
chrX	1003	neutral
chrX	1004	neutral
chrX	1005	neutral
chrX	1006	neutral
chrX	1007	neutral
chrX	1008	inactive
chrX	1009	neutral
chrX	1010	neutral
chrX	1011	neutral
chrX	1012	neutral
chrX	1013	neutral
chrX	1014	neutral
chrX	1015	neutral
chrX	1016	neutral
chrX	1017	neutral
chrX	1018	neutral
chrX	1019	neutral
chrX	1020	neutral
chrX	1021	neutral
chrX	1022	neutral
chrX	1023	neutral
chrX	1024	neutral
chrX	1025	neutral
chrX	1026	neutral
chrX	1027	neutral
chrX	1028	neutral
chrX	1029	neutral
chrX	1030	neutral
chrX	1031	neutral
chrX	1032	neutral
chrX	1033	neutral
chrX	1034	neutral
chrX	1035	neutral
chrX	1036	active
chrX	1037	neutral
chrX	1038	neutral
chrX	1039	neutral
chrX	1040	neutral
chrX	1041	neutral
chrX	1042	neutral
chrX	1043	neutral
chrX	1044	neutral
chrX	1045	neutral
chrX	1046	neutral
chrX	1047	neutral
chrX	1048	neutral
chrX	1049	neutral
chrX	1050	neutral
chrX	1051	neutral
chrX	1052	neutral
chrX	1053	neutral
chrX	1054	neutral
chrX	1055	neutral
chrX	1056	neutral
chrX	1057	neutral
chrX	1058	neutral
chrX	1059	neutral
chrX	1060	neutral
chrX	1061	neutral
chrX	1062	neutral
chrX	1063	neutral
chrX	1064	neutral
chrX	1065	neutral
chrX	1066	neutral
chrX	1067	neutral
chrX	1068	neutral
chrX	1069	neutral
chrX	1070	neutral
chrX	1071	neutral
chrX	1072	neutral
chrX	1073	neutral
chrX	1074	active
chrX	1075	neutral
chrX	1076	neutral
chrX	1077	neutral
chrX	1078	neutral
chrX	1079	neutral
chrX	1080	neutral
chrX	1081	neutral
chrX	1082	neutral
chrX	1083	neutral
chrX	1084	neutral
chrX	1085	neutral
chrX	1086	neutral
chrX	1087	neutral
chrX	1088	neutral
chrX	1089	neutral
chrX	1090	neutral
chrX	1091	neutral
chrX	1092	neutral
chrX	1093	neutral
chrX	1094	neutral
chrX	1095	neutral
chrX	1096	neutral
chrX	1097	neutral
chrX	1098	neutral
chrX	1099	neutral
chrX	1100	active
chrX	1101	active
chrX	1102	neutral
chrX	1103	neutral
chrX	1104	active
chrX	1105	neutral
chrX	1106	neutral
chrX	1107	neutral
chrX	1108	neutral
chrX	1109	neutral
chrX	1110	neutral
chrX	1111	neutral
chrX	1112	neutral
chrX	1113	neutral
chrX	1114	neutral
chrX	1115	neutral
chrX	1116	neutral
chrX	1117	neutral
chrX	1118	neutral
chrX	1119	neutral
chrX	1120	neutral
chrX	1121	neutral
chrX	1122	neutral
chrX	1123	neutral
chrX	1124	active
chrX	1125	neutral
chrX	1126	neutral
chrX	1127	neutral
chrX	1128	neutral
chrX	1129	neutral
chrX	1130	neutral
chrX	1131	neutral
chrX	1132	neutral
chrX	1133	neutral
chrX	1134	neutral
chrX	1135	neutral
chrX	1136	neutral
chrX	1137	neutral
chrX	1138	neutral
chrX	1139	neutral
chrX	1140	neutral
chrX	1141	neutral
chrX	1142	neutral
chrX	1143	neutral
chrX	1144	neutral
chrX	1145	neutral
chrX	1146	active
chrX	1147	active
chrX	1148	active
chrX	1149	neutral
chrX	1150	active
chrX	1151	neutral
chrX	1152	neutral
chrX	1153	neutral
chrX	1154	neutral
chrX	1155	neutral
chrX	1156	neutral
chrX	1157	active
chrX	1158	neutral
chrX	1159	neutral
chrX	1160	active
chrX	1161	neutral
chrX	1162	neutral
chrX	1163	neutral
chrX	1164	neutral
chrX	1165	neutral
chrX	1166	neutral
chrX	1167	neutral
chrX	1168	neutral
chrX	1169	neutral
chrX	1170	neutral
chrX	1171	neutral
chrX	1172	neutral
chrX	1173	neutral
chrX	1174	neutral
chrX	1175	neutral
chrX	1176	active
chrX	1177	neutral
chrX	1178	neutral
chrX	1179	neutral
chrX	1180	neutral
chrX	1181	neutral
chrX	1182	neutral
chrX	1183	neutral
chrX	1184	neutral
chrX	1185	neutral
chrX	1186	neutral
chrX	1187	neutral
chrX	1188	neutral
chrX	1189	neutral
chrX	1190	neutral
chrX	1191	neutral
chrX	1192	neutral
chrX	1193	neutral
chrX	1194	neutral
chrX	1195	neutral
chrX	1196	neutral
chrX	1197	neutral
chrX	1198	neutral
chrX	1199	neutral
chrX	1200	neutral
chrX	1201	neutral
chrX	1202	neutral
chrX	1203	neutral
chrX	1204	neutral
chrX	1205	neutral
chrX	1206	neutral
chrX	1207	neutral
chrX	1208	inactive
chrX	1209	neutral
chrX	1210	neutral
chrX	1211	neutral
chrX	1212	neutral
chrX	1213	neutral
chrX	1214	neutral
chrX	1215	neutral
chrX	1216	neutral
chrX	1217	neutral
chrX	1218	neutral
chrX	1219	neutral
chrX	1220	neutral
chrX	1221	neutral
chrX	1222	neutral
chrX	1223	neutral
chrX	1224	neutral
chrX	1225	neutral
chrX	1226	neutral
chrX	1227	neutral
chrX	1228	neutral
chrX	1229	neutral
chrX	1230	neutral
chrX	1231	neutral
chrX	1232	neutral
chrX	1233	neutral
chrX	1234	neutral
chrX	1235	neutral
chrX	1236	neutral
chrX	1237	neutral
chrX	1238	neutral
chrX	1239	neutral
chrX	1240	neutral
chrX	1241	neutral
chrX	1242	neutral
chrX	1243	neutral
chrX	1244	neutral
chrX	1245	neutral
chrX	1246	neutral
chrX	1247	neutral
chrX	1248	neutral
chrX	1249	neutral
chrX	1250	neutral
chrX	1251	neutral
chrX	1252	neutral
chrX	1253	neutral
chrX	1254	neutral
chrX	1255	neutral
chrX	1256	neutral
chrX	1257	neutral
chrX	1258	neutral
chrX	1259	neutral
chrX	1260	neutral
chrX	1261	neutral
chrX	1262	neutral
chrX	1263	neutral
chrX	1264	neutral
chrX	1265	neutral
chrX	1266	neutral
chrX	1267	neutral
chrX	1268	neutral
chrX	1269	neutral
chrX	1270	neutral
chrX	1271	neutral
chrX	1272	neutral
chrX	1273	neutral
chrX	1274	neutral
chrX	1275	neutral
chrX	1276	neutral
chrX	1277	neutral
chrX	1278	neutral
chrX	1279	active
chrX	1280	neutral
chrX	1281	neutral
chrX	1282	neutral
chrX	1283	neutral
chrX	1284	neutral
chrX	1285	neutral
chrX	1286	neutral
chrX	1287	neutral
chrX	1288	neutral
chrX	1289	neutral
chrX	1290	neutral
chrX	1291	neutral
chrX	1292	neutral
chrX	1293	neutral
chrX	1294	neutral
chrX	1295	neutral
chrX	1296	neutral
chrX	1297	neutral
chrX	1298	neutral
chrX	1299	neutral
chrX	1300	neutral
chrX	1301	neutral
chrX	1302	neutral
chrX	1303	neutral
chrX	1304	neutral
chrX	1305	neutral
chrX	1306	neutral
chrX	1307	neutral
chrX	1308	neutral
chrX	1309	neutral
chrX	1310	neutral
chrX	1311	neutral
chrX	1312	neutral
chrX	1313	neutral
chrX	1314	neutral
chrX	1315	neutral
chrX	1316	neutral
chrX	1317	neutral
chrX	1318	neutral
chrX	1319	neutral
chrX	1320	neutral
chrX	1321	neutral
chrX	1322	neutral
chrX	1323	neutral
chrX	1324	neutral
chrX	1325	neutral
chrX	1326	neutral
chrX	1327	neutral
chrX	1328	neutral
chrX	1329	neutral
chrX	1330	neutral
chrX	1331	neutral
chrX	1332	neutral
chrX	1333	neutral
chrX	1334	neutral
chrX	1335	neutral
chrX	1336	neutral
chrX	1337	neutral
chrX	1338	neutral
chrX	1339	neutral
chrX	1340	neutral
chrX	1341	neutral
chrX	1342	neutral
chrX	1343	neutral
chrX	1344	neutral
chrX	1345	neutral
chrX	1346	neutral
chrX	1347	neutral
chrX	1348	neutral
chrX	1349	neutral
chrX	1350	neutral
chrX	1351	neutral
chrX	1352	neutral
chrX	1353	neutral
chrX	1354	neutral
chrX	1355	neutral
chrX	1356	neutral
chrX	1357	neutral
chrX	1358	neutral
chrX	1359	neutral
chrX	1360	neutral
chrX	1361	neutral
chrX	1362	neutral
chrX	1363	active
chrX	1364	neutral
chrX	1365	neutral
chrX	1366	neutral
chrX	1367	neutral
chrX	1368	neutral
chrX	1369	neutral
chrX	1370	neutral
chrX	1371	neutral
chrX	1372	neutral
chrX	1373	neutral
chrX	1374	neutral
chrX	1375	neutral
chrX	1376	neutral
chrX	1377	neutral
chrX	1378	neutral
chrX	1379	neutral
chrX	1380	neutral
chrX	1381	neutral
chrX	1382	neutral
chrX	1383	neutral
chrX	1384	neutral
chrX	1385	neutral
chrX	1386	neutral
chrX	1387	neutral
chrX	1388	polycomb
chrX	1389	neutral
chrX	1390	neutral
chrX	1391	neutral
chrX	1392	polycomb
chrX	1393	polycomb
chrX	1394	neutral
chrX	1395	neutral
chrX	1396	polycomb
chrX	1397	neutral
chrX	1398	polycomb
chrX	1399	neutral
chrX	1400	neutral
chrX	1401	neutral
chrX	1402	neutral
chrX	1403	neutral
chrX	1404	neutral
chrX	1405	neutral
chrX	1406	neutral
chrX	1407	inactive
chrX	1408	neutral
chrX	1409	neutral
chrX	1410	neutral
chrX	1411	neutral
chrX	1412	neutral
chrX	1413	neutral
chrX	1414	neutral
chrX	1415	neutral
chrX	1416	neutral
chrX	1417	neutral
chrX	1418	neutral
chrX	1419	neutral
chrX	1420	neutral
chrX	1421	neutral
chrX	1422	neutral
chrX	1423	neutral
chrX	1424	neutral
chrX	1425	neutral
chrX	1426	neutral
chrX	1427	neutral
chrX	1428	neutral
chrX	1429	neutral
chrX	1430	neutral
chrX	1431	neutral
chrX	1432	neutral
chrX	1433	neutral
chrX	1434	neutral
chrX	1435	neutral
chrX	1436	neutral
chrX	1437	neutral
chrX	1438	neutral
chrX	1439	inactive
chrX	1440	neutral
chrX	1441	neutral
chrX	1442	neutral
chrX	1443	neutral
chrX	1444	neutral
chrX	1445	neutral
chrX	1446	neutral
chrX	1447	neutral
chrX	1448	neutral
chrX	1449	neutral
chrX	1450	neutral
chrX	1451	neutral
chrX	1452	neutral
chrX	1453	neutral
chrX	1454	neutral
chrX	1455	neutral
chrX	1456	neutral
chrX	1457	neutral
chrX	1458	neutral
chrX	1459	neutral
chrX	1460	neutral
chrX	1461	neutral
chrX	1462	neutral
chrX	1463	neutral
chrX	1464	neutral
chrX	1465	neutral
chrX	1466	inactive
chrX	1467	neutral
chrX	1468	neutral
chrX	1469	neutral
chrX	1470	neutral
chrX	1471	neutral
chrX	1472	neutral
chrX	1473	neutral
chrX	1474	neutral
chrX	1475	neutral
chrX	1476	neutral
chrX	1477	neutral
chrX	1478	neutral
chrX	1479	neutral
chrX	1480	neutral
chrX	1481	neutral
chrX	1482	neutral
chrX	1483	neutral
chrX	1484	neutral
chrX	1485	neutral
chrX	1486	neutral
chrX	1487	neutral
chrX	1488	neutral
chrX	1489	neutral
chrX	1490	neutral
chrX	1491	neutral
chrX	1492	neutral
chrX	1493	neutral
chrX	1494	neutral
chrX	1495	neutral
chrX	1496	neutral
chrX	1497	neutral
chrX	1498	neutral
chrX	1499	neutral
chrX	1500	neutral
chrX	1501	neutral
chrX	1502	neutral
chrX	1503	neutral
chrX	1504	neutral
chrX	1505	neutral
chrX	1506	neutral
chrX	1507	neutral
chrX	1508	neutral
chrX	1509	neutral
chrX	1510	neutral
chrX	1511	neutral
chrX	1512	neutral
chrX	1513	neutral
chrX	1514	neutral
chrX	1515	neutral
chrX	1516	neutral
chrX	1517	neutral
chrX	1518	neutral
chrX	1519	neutral
chrX	1520	neutral
chrX	1521	neutral
chrX	1522	neutral
chrX	1523	neutral
chrX	1524	neutral
chrX	1525	neutral
chrX	1526	neutral
chrX	1527	neutral
chrX	1528	neutral
chrX	1529	neutral
chrX	1530	neutral
chrX	1531	neutral
chrX	1532	neutral
chrX	1533	neutral
chrX	1534	neutral
chrX	1535	neutral
chrX	1536	neutral
chrX	1537	neutral
chrX	1538	neutral
chrX	1539	neutral
chrX	1540	neutral
chrX	1541	neutral
chrX	1542	neutral
chrX	1543	neutral
chrX	1544	neutral
chrX	1545	neutral
chrX	1546	neutral
chrX	1547	neutral
chrX	1548	neutral
chrX	1549	inactive
chrX	1550	neutral
chrX	1551	neutral
chrX	1552	inactive
chrX	1553	inactive
chrX	1554	inactive
chrX	1555	neutral
chrX	1556	inactive
chrX	1557	neutral
chrX	1558	neutral
chrX	1559	active
chrX	1560	active
chrX	1561	neutral
chrX	1562	neutral
chrX	1563	active
chrX	1564	neutral
chrX	1565	active
chrX	1566	neutral
chrX	1567	neutral
chrX	1568	neutral
chrX	1569	active
chrX	1570	neutral
chrX	1571	neutral
chrX	1572	neutral
chrX	1573	neutral
chrX	1574	active
chrX	1575	active
chrX	1576	neutral
chrX	1577	neutral
chrX	1578	active
chrX	1579	neutral
chrX	1580	neutral
chrX	1581	neutral
chrX	1582	neutral
chrX	1583	neutral
chrX	1584	neutral
chrX	1585	neutral
chrX	1586	neutral
chrX	1587	neutral
chrX	1588	neutral
chrX	1589	neutral
chrX	1590	neutral
chrX	1591	neutral
chrX	1592	neutral
chrX	1593	neutral
chrX	1594	neutral
chrX	1595	neutral
chrX	1596	neutral
chrX	1597	neutral
chrX	1598	neutral
chrX	1599	neutral
chrX	1600	polycomb
chrX	1601	polycomb
chrX	1602	polycomb
chrX	1603	polycomb
chrX	1604	polycomb
chrX	1605	polycomb
chrX	1606	polycomb
chrX	1607	polycomb
chrX	1608	polycomb
chrX	1609	polycomb
chrX	1610	polycomb
chrX	1611	polycomb
chrX	1612	polycomb
chrX	1613	polycomb
chrX	1614	neutral
chrX	1615	neutral
chrX	1616	neutral
chrX	1617	neutral
chrX	1618	neutral
chrX	1619	neutral
chrX	1620	neutral
chrX	1621	active
chrX	1622	neutral
chrX	1623	neutral
chrX	1624	neutral
chrX	1625	active
chrX	1626	neutral
chrX	1627	neutral
chrX	1628	neutral
chrX	1629	neutral
chrX	1630	neutral
chrX	1631	neutral
chrX	1632	neutral
chrX	1633	neutral
chrX	1634	neutral
chrX	1635	neutral
chrX	1636	neutral
chrX	1637	neutral
chrX	1638	neutral
chrX	1639	neutral
chrX	1640	neutral
chrX	1641	neutral
chrX	1642	neutral
chrX	1643	neutral
chrX	1644	neutral
chrX	1645	neutral
chrX	1646	neutral
chrX	1647	neutral
chrX	1648	active
chrX	1649	neutral
chrX	1650	neutral
chrX	1651	neutral
chrX	1652	neutral
chrX	1653	active
chrX	1654	neutral
chrX	1655	neutral
chrX	1656	neutral
chrX	1657	neutral
chrX	1658	neutral
chrX	1659	inactive
chrX	1660	inactive
chrX	1661	inactive
chrX	1662	neutral
chrX	1663	inactive
chrX	1664	neutral
chrX	1665	neutral
chrX	1666	neutral
chrX	1667	neutral
chrX	1668	active
chrX	1669	active
chrX	1670	neutral
chrX	1671	neutral
chrX	1672	neutral
chrX	1673	neutral
chrX	1674	inactive
chrX	1675	neutral
chrX	1676	neutral
chrX	1677	neutral
chrX	1678	neutral
chrX	1679	neutral
chrX	1680	neutral
chrX	1681	neutral
chrX	1682	neutral
chrX	1683	neutral
chrX	1684	neutral
chrX	1685	neutral
chrX	1686	neutral
chrX	1687	neutral
chrX	1688	neutral
chrX	1689	neutral
chrX	1690	neutral
chrX	1691	neutral
chrX	1692	neutral
chrX	1693	neutral
chrX	1694	neutral
chrX	1695	neutral
chrX	1696	neutral
chrX	1697	neutral
chrX	1698	neutral
chrX	1699	neutral
chrX	1700	neutral
chrX	1701	neutral
chrX	1702	neutral
chrX	1703	neutral
chrX	1704	neutral
chrX	1705	neutral
chrX	1706	neutral
chrX	1707	neutral
chrX	1708	neutral
chrX	1709	neutral
chrX	1710	neutral
chrX	1711	neutral
chrX	1712	neutral
chrX	1713	neutral
chrX	1714	neutral
chrX	1715	neutral
chrX	1716	neutral
chrX	1717	neutral
chrX	1718	neutral
chrX	1719	neutral
chrX	1720	inactive
chrX	1721	inactive
chrX	1722	inactive
chrX	1723	neutral
chrX	1724	inactive
chrX	1725	inactive
chrX	1726	inactive
chrX	1727	inactive
chrX	1728	inactive
chrX	1729	neutral
chrX	1730	neutral
chrX	1731	neutral
chrX	1732	neutral
chrX	1733	inactive
chrX	1734	neutral
chrX	1735	neutral
chrX	1736	neutral
chrX	1737	neutral
chrX	1738	neutral
chrX	1739	neutral
chrX	1740	neutral
chrX	1741	neutral
chrX	1742	neutral
chrX	1743	neutral
chrX	1744	neutral
chrX	1745	neutral
chrX	1746	neutral
chrX	1747	inactive
chrX	1748	neutral
chrX	1749	neutral
chrX	1750	neutral
chrX	1751	neutral
chrX	1752	active
chrX	1753	neutral
chrX	1754	neutral
chrX	1755	neutral
chrX	1756	neutral
chrX	1757	neutral
chrX	1758	neutral
chrX	1759	neutral
chrX	1760	neutral
chrX	1761	neutral
chrX	1762	neutral
chrX	1763	neutral
chrX	1764	neutral
chrX	1765	polycomb
chrX	1766	polycomb
chrX	1767	polycomb
chrX	1768	polycomb
chrX	1769	polycomb
chrX	1770	polycomb
chrX	1771	neutral
chrX	1772	neutral
chrX	1773	neutral
chrX	1774	neutral
chrX	1775	active
chrX	1776	neutral
chrX	1777	neutral
chrX	1778	neutral
chrX	1779	neutral
chrX	1780	neutral
chrX	1781	neutral
chrX	1782	neutral
chrX	1783	neutral
chrX	1784	neutral
chrX	1785	neutral
chrX	1786	neutral
chrX	1787	neutral
chrX	1788	neutral
chrX	1789	neutral
chrX	1790	neutral
chrX	1791	neutral
chrX	1792	neutral
chrX	1793	neutral
chrX	1794	neutral
chrX	1795	neutral
chrX	1796	neutral
chrX	1797	neutral
chrX	1798	active
chrX	1799	active
chrX	1800	neutral
chrX	1801	neutral
chrX	1802	neutral
chrX	1803	neutral
chrX	1804	neutral
chrX	1805	neutral
chrX	1806	neutral
chrX	1807	neutral
chrX	1808	neutral
chrX	1809	inactive
chrX	1810	neutral
chrX	1811	neutral
chrX	1812	neutral
chrX	1813	polycomb
chrX	1814	polycomb
chrX	1815	polycomb
chrX	1816	polycomb
chrX	1817	polycomb
chrX	1818	neutral
chrX	1819	polycomb
chrX	1820	polycomb
chrX	1821	neutral
chrX	1822	neutral
chrX	1823	neutral
chrX	1824	neutral
chrX	1825	inactive
chrX	1826	neutral
chrX	1827	neutral
chrX	1828	neutral
chrX	1829	neutral
chrX	1830	neutral
chrX	1831	neutral
chrX	1832	neutral
chrX	1833	neutral
chrX	1834	neutral
chrX	1835	neutral
chrX	1836	neutral
chrX	1837	neutral
chrX	1838	neutral
chrX	1839	neutral
chrX	1840	neutral
chrX	1841	neutral
chrX	1842	neutral
chrX	1843	neutral
chrX	1844	neutral
chrX	1845	neutral
chrX	1846	neutral
chrX	1847	neutral
chrX	1848	neutral
chrX	1849	neutral
chrX	1850	neutral
chrX	1851	neutral
chrX	1852	neutral
chrX	1853	neutral
chrX	1854	active
chrX	1855	neutral
chrX	1856	neutral
chrX	1857	neutral
chrX	1858	neutral
chrX	1859	neutral
chrX	1860	neutral
chrX	1861	neutral
chrX	1862	neutral
chrX	1863	neutral
chrX	1864	neutral
chrX	1865	neutral
chrX	1866	neutral
chrX	1867	neutral
chrX	1868	neutral
chrX	1869	neutral
chrX	1870	neutral
chrX	1871	neutral
chrX	1872	neutral
chrX	1873	neutral
chrX	1874	neutral
chrX	1875	neutral
chrX	1876	neutral
chrX	1877	neutral
chrX	1878	neutral
chrX	1879	neutral
chrX	1880	neutral
chrX	1881	neutral
chrX	1882	neutral
chrX	1883	neutral
chrX	1884	neutral
chrX	1885	neutral
chrX	1886	neutral
chrX	1887	neutral
chrX	1888	neutral
chrX	1889	neutral
chrX	1890	neutral
chrX	1891	neutral
chrX	1892	neutral
chrX	1893	inactive
chrX	1894	inactive
chrX	1895	inactive
chrX	1896	inactive
chrX	1897	inactive
chrX	1898	neutral
chrX	1899	neutral
chrX	1900	inactive
chrX	1901	neutral
chrX	1902	neutral
chrX	1903	neutral
chrX	1904	neutral
chrX	1905	neutral
chrX	1906	neutral
chrX	1907	neutral
chrX	1908	neutral
chrX	1909	neutral
chrX	1910	neutral
chrX	1911	neutral
chrX	1912	neutral
chrX	1913	neutral
chrX	1914	neutral
chrX	1915	neutral
chrX	1916	neutral
chrX	1917	neutral
chrX	1918	neutral
chrX	1919	neutral
chrX	1920	neutral
chrX	1921	neutral
chrX	1922	neutral
chrX	1923	inactive
chrX	1924	neutral
chrX	1925	neutral
chrX	1926	neutral
chrX	1927	neutral
chrX	1928	neutral
chrX	1929	neutral
chrX	1930	neutral
chrX	1931	neutral
chrX	1932	neutral
chrX	1933	neutral
chrX	1934	neutral
chrX	1935	neutral
chrX	1936	neutral
chrX	1937	neutral
chrX	1938	active
chrX	1939	neutral
chrX	1940	neutral
chrX	1941	neutral
chrX	1942	neutral
chrX	1943	polycomb
chrX	1944	polycomb
chrX	1945	neutral
chrX	1946	neutral
chrX	1947	neutral
chrX	1948	neutral
chrX	1949	active
chrX	1950	neutral
chrX	1951	neutral
chrX	1952	neutral
chrX	1953	active
chrX	1954	neutral
chrX	1955	neutral
chrX	1956	neutral
chrX	1957	neutral
chrX	1958	neutral
chrX	1959	active
chrX	1960	neutral
chrX	1961	neutral
chrX	1962	neutral
chrX	1963	active
chrX	1964	neutral
chrX	1965	neutral
chrX	1966	neutral
chrX	1967	neutral
chrX	1968	neutral
chrX	1969	neutral
chrX	1970	neutral
chrX	1971	neutral
chrX	1972	neutral
chrX	1973	neutral
chrX	1974	neutral
chrX	1975	neutral
chrX	1976	neutral
chrX	1977	neutral
chrX	1978	neutral
chrX	1979	neutral
chrX	1980	neutral
chrX	1981	neutral
chrX	1982	neutral
chrX	1983	neutral
chrX	1984	neutral
chrX	1985	neutral
chrX	1986	neutral
chrX	1987	neutral
chrX	1988	neutral
chrX	1989	neutral
chrX	1990	neutral
chrX	1991	neutral
chrX	1992	neutral
chrX	1993	neutral
chrX	1994	neutral
chrX	1995	neutral
chrX	1996	neutral
chrX	1997	neutral
chrX	1998	neutral
chrX	1999	neutral
chrX	2000	neutral
chrX	2001	neutral
chrX	2002	neutral
chrX	2003	neutral
chrX	2004	neutral
chrX	2005	neutral
chrX	2006	active
chrX	2007	neutral
chrX	2008	neutral
chrX	2009	neutral
chrX	2010	neutral
chrX	2011	neutral
chrX	2012	neutral
chrX	2013	neutral
chrX	2014	neutral
chrX	2015	neutral
chrX	2016	neutral
chrX	2017	neutral
chrX	2018	neutral
chrX	2019	neutral
chrX	2020	neutral
chrX	2021	neutral
chrX	2022	neutral
chrX	2023	neutral
chrX	2024	neutral
chrX	2025	neutral
chrX	2026	neutral
chrX	2027	neutral
chrX	2028	neutral
chrX	2029	active
chrX	2030	neutral
chrX	2031	neutral
chrX	2032	neutral
chrX	2033	neutral
chrX	2034	neutral
chrX	2035	neutral
chrX	2036	neutral
chrX	2037	neutral
chrX	2038	neutral
chrX	2039	neutral
chrX	2040	neutral
chrX	2041	neutral
chrX	2042	neutral
chrX	2043	neutral
chrX	2044	neutral
chrX	2045	neutral
chrX	2046	neutral
chrX	2047	neutral
chrX	2048	neutral
chrX	2049	neutral
chrX	2050	inactive
chrX	2051	inactive
chrX	2052	inactive
chrX	2053	neutral
chrX	2054	neutral
chrX	2055	polycomb
chrX	2056	polycomb
chrX	2057	polycomb
chrX	2058	polycomb
chrX	2059	polycomb
chrX	2060	neutral
chrX	2061	neutral
chrX	2062	inactive
chrX	2063	neutral
chrX	2064	neutral
chrX	2065	neutral
chrX	2066	neutral
chrX	2067	neutral
chrX	2068	neutral
chrX	2069	neutral
chrX	2070	neutral
chrX	2071	neutral
chrX	2072	neutral
chrX	2073	neutral
chrX	2074	neutral
chrX	2075	neutral
chrX	2076	neutral
chrX	2077	neutral
chrX	2078	neutral
chrX	2079	neutral
chrX	2080	neutral
chrX	2081	neutral
chrX	2082	neutral
chrX	2083	neutral
chrX	2084	neutral
chrX	2085	neutral
chrX	2086	neutral
chrX	2087	neutral
chrX	2088	neutral
chrX	2089	neutral
chrX	2090	neutral
chrX	2091	neutral
chrX	2092	active
chrX	2093	neutral
chrX	2094	neutral
chrX	2095	neutral
chrX	2096	neutral
chrX	2097	neutral
chrX	2098	neutral
chrX	2099	neutral
chrX	2100	neutral
chrX	2101	neutral
chrX	2102	neutral
chrX	2103	neutral
chrX	2104	neutral
chrX	2105	neutral
chrX	2106	neutral
chrX	2107	neutral
chrX	2108	neutral
chrX	2109	neutral
chrX	2110	neutral
chrX	2111	neutral
chrX	2112	neutral
chrX	2113	neutral
chrX	2114	neutral
chrX	2115	neutral
chrX	2116	neutral
chrX	2117	neutral
chrX	2118	neutral
chrX	2119	neutral
chrX	2120	neutral
chrX	2121	neutral
chrX	2122	neutral
chrX	2123	neutral
chrX	2124	neutral
chrX	2125	neutral
chrX	2126	neutral
chrX	2127	neutral
chrX	2128	neutral
chrX	2129	neutral
chrX	2130	neutral
chrX	2131	neutral
chrX	2132	neutral
chrX	2133	neutral
chrX	2134	neutral
chrX	2135	neutral
chrX	2136	neutral
chrX	2137	neutral
chrX	2138	neutral
chrX	2139	neutral
chrX	2140	neutral
chrX	2141	neutral
chrX	2142	neutral
chrX	2143	neutral
chrX	2144	neutral
chrX	2145	neutral
chrX	2146	neutral
chrX	2147	neutral
chrX	2148	neutral
chrX	2149	neutral
chrX	2150	neutral
chrX	2151	neutral
chrX	2152	neutral
chrX	2153	neutral
chrX	2154	neutral
chrX	2155	neutral
chrX	2156	neutral
chrX	2157	neutral
chrX	2158	neutral
chrX	2159	neutral
chrX	2160	neutral
chrX	2161	neutral
chrX	2162	neutral
chrX	2163	neutral
chrX	2164	neutral
chrX	2165	neutral
chrX	2166	neutral
chrX	2167	neutral
chrX	2168	neutral
chrX	2169	neutral
chrX	2170	neutral
chrX	2171	neutral
chrX	2172	neutral
chrX	2173	neutral
chrX	2174	neutral
chrX	2175	neutral
chrX	2176	neutral
chrX	2177	neutral
chrX	2178	neutral
chrX	2179	neutral
chrX	2180	neutral
chrX	2181	neutral
chrX	2182	neutral
chrX	2183	neutral
chrX	2184	neutral
chrX	2185	neutral
chrX	2186	neutral
chrX	2187	neutral
chrX	2188	neutral
chrX	2189	neutral
chrX	2190	neutral
chrX	2191	neutral
chrX	2192	neutral
chrX	2193	neutral
chrX	2194	neutral
chrX	2195	neutral
chrX	2196	neutral
chrX	2197	neutral
chrX	2198	neutral
chrX	2199	neutral
chrX	2200	neutral
chrX	2201	neutral
chrX	2202	neutral
chrX	2203	neutral
chrX	2204	neutral
chrX	2205	neutral
chrX	2206	neutral
chrX	2207	neutral
chrX	2208	neutral
chrX	2209	neutral
chrX	2210	neutral
chrX	2211	neutral
chrX	2212	neutral
chrX	2213	neutral
chrX	2214	neutral
chrX	2215	neutral
chrX	2216	neutral
chrX	2217	neutral
chrX	2218	neutral
chrX	2219	neutral
chrX	2220	neutral
chrX	2221	neutral
chrX	2222	neutral
chrX	2223	neutral
chrX	2224	neutral
chrX	2225	neutral
chrX	2226	neutral
chrX	2227	neutral
chrX	2228	neutral
chrX	2229	neutral
chrX	2230	neutral
chrX	2231	neutral
chrX	2232	neutral
chrX	2233	neutral
chrX	2234	neutral
chrX	2235	neutral
chrX	2236	neutral
chrX	2237	neutral
chrX	2238	neutral
chrX	2239	neutral
chrX	2240	neutral
chrX	2241	neutral
